date ,round,num,plant,label,tube_wt_1,plant_wt_1,plant_wt_cb,absorb,notes
6/2/2025,1,1,wide,w1-1,1.6140,0.1053,0.0224,,
6/2/2025,1,2,wide,w1-2,1.6332,0.1063,0.0203,,
6/2/2025,1,3,wide,w1-3,1.6540,0.1032,0.0222,,
6/2/2025,1,4,wide,w1-4,1.6513,0.1042,0.0233,,
6/2/2025,1,5,cent,c1-1,1.6734,0.1676,0.0207,,
6/2/2025,1,6,cent,c1-2,1.6252,0.1258,0.0197,,
6/2/2025,1,7,cent,c1-3,1.6132,0.1193,0.0216,,
6/2/2025,1,8,cent,c1-4,1.6717,0.1649,0.0216,,
6/2/2025,1,9,dican,di1-1,1.6875,0.1355,0.0203,,
6/2/2025,1,10,dican,di1-2,1.6856,0.1215,0.0202,,
6/2/2025,1,11,dican,di1-3,1.6078,0.0627,0.0202,,
6/2/2025,1,12,dican,di1-4,1.6170,0.1418,0.0208,,
6/2/2025,1,13,silky,s1-1,1.6955,0.0961,0.0208,,
6/2/2025,1,14,silky,s1-2,1.6783,0.1053,0.0221,,
6/2/2025,1,15,silky,s1-3,1.6784,0.0952,0.0206,,
6/2/2025,1,16,silky,s1-4,1.6905,0.1283,0.0195,,
6/2/2025,1,17,dog,do1-1,1.6845,0.1526,0.026,,
6/2/2025,1,18,dog,do1-2,1.6492,0.1181,0.0245,,
6/2/2025,1,19,dog,do1-3,1.6843,0.1132,0.0242,,
6/2/2025,1,20,dog,do1-4,1.6880,0.1234,0.0232,,
6/2/2025,1,21,wide,w2-1,1.6587,0.1324,0.0225,,
6/2/2025,1,22,wide,w2-2,1.6852,0.1280,0.0226,,
6/2/2025,1,23,wide,w2-3,1.6592,0.1236,0.0201,,
6/2/2025,1,24,wide,w2-4,1.6407,0.1387,0.0219,,
6/2/2025,1,25,cent,c2-1,1.6685,0.1131,0.0214,,
6/2/2025,1,26,cent,c2-2,1.6060,0.1018,0.0231,,
6/2/2025,1,27,cent,c2-3,1.6836,0.1069,0.0244,,
6/2/2025,1,28,cent,c2-4,1.6368,1.1015,0.0205,,
6/2/2025,1,29,dican,di2-1,1.6069,0.1567,0.0212,,
6/2/2025,1,30,dican,di2-2,1.7017,0.1115,0.0205,,
6/2/2025,1,31,dican,di2-3,1.6743,0.1190,0.0231,,
6/2/2025,1,32,dican,di2-4,1.6759,0.1321,0.0221,,
6/2/2025,1,33,silky,s2-1,1.8270,0.0960,0.0217,,
6/2/2025,1,34,silky,s2-2,1.8879,0.1039,0.0205,,
6/2/2025,1,35,silky,s2-3,1.8680,0.1292,0.0249,,
6/2/2025,1,36,silky,s2-4,1.8503,0.0926,0.0225,,
6/2/2025,1,37,dog,do2-1,1.6326,0.1475,0.0214,,
6/2/2025,1,38,dog,do2-2,1.6735,0.1365,0.027,,
6/2/2025,1,39,dog,do2-3,1.6771,0.1316,0.0215,,
6/2/2025,1,40,dog,do2-4,1.6911,0.1106,0.0245,,
6/2/2025,1,41,wide,w3-1,1.8143,0.1117,0.0277,,all samples here and after have 3 ceramic beads and 3 metal beads
6/2/2025,1,42,wide,w3-2,1.8257,0.1071,0.0228,,
6/2/2025,1,43,wide,w3-3,1.8389,0.1004,0.0229,,
6/2/2025,1,44,wide,w3-4,1.8523,0.1030,0.0213,,
6/2/2025,1,45,cent,c3-1,1.8439,0.1062,0.0204,,
6/2/2025,1,46,cent,c3-2,1.8347,0.1018,0.0264,,
6/2/2025,1,47,cent,c3-3,1.8445,0.1064,0.0227,,
6/2/2025,1,48,cent,c3-4,1.8833,0.0454,0.0195,,
6/2/2025,1,49,dican,di3-1,1.8736,0.1330,0.0216,,
6/2/2025,1,50,dican,di3-2,1.8551,0.1150,0.0227,,
6/2/2025,1,51,dican,di3-3,1.8928,0.1030,0.0222,,
6/2/2025,1,52,dican,di3-4,1.8344,0.1105,0.0224,,
6/2/2025,1,53,silky,s3-1,1.8561,0.0761,0.0191,,
6/2/2025,1,54,silky,s3-2,1.8569,0.0947,0.0213,,
6/2/2025,1,55,silky,s3-3,,,,,
6/2/2025,1,56,silky,s3-4,1.8582,0.0883,0.0211,,
6/2/2025,1,57,dog,do3-1,1.8448,0.1101,0.0264,,
6/2/2025,1,58,dog,do3-2,1.8905,0.1065,0.0231,,
6/2/2025,1,59,dog,do3-3,1.8464,0.1009,0.023,,
6/2/2025,1,60,dog,do3-4,,,,,
6/2/2025,1,61,wide,w4-1,1.9005,0.1033,0.0249,,
6/2/2025,1,62,wide,w4-2,1.8003,0.1240,0.0269,,
6/2/2025,1,63,wide,w4-3,1.8767,0.1202,0.0223,,
6/2/2025,1,64,wide,w4-4,1.7850,0.1185,0.0253,,
6/2/2025,1,65,cent,c4-1,1.8916,0.1165,0.0205,,
6/2/2025,1,66,cent,c4-2,1.8894,0.1229,0.0232,,
6/2/2025,1,67,cent,c4-3,1.7953,0.1182,0.0224,,
6/2/2025,1,68,cent,c4-4,1.8728,0.1061,0.0276,,
6/2/2025,1,69,dican,di4-1,1.8055,0.1219,0.0227,,
6/2/2025,1,70,dican,di4-2,1.8380,0.1058,0.0229,,
6/2/2025,1,71,dican,di4-3,1.8897,0.1161,0.0195,,
6/2/2025,1,72,dican,di4-4,1.8902,0.1270,0.0201,,
6/2/2025,1,73,silky,s4-1,1.8282,0.1012,0.0241,,
6/2/2025,1,74,silky,s4-2,1.8580,0.1013,0.0223,,
6/2/2025,1,75,silky,s4-3,1.8339,0.1074,0.0266,,
6/2/2025,1,76,silky,s4-4,1.8188,0.1120,0.0208,,
6/2/2025,1,77,dog,do4-1,1.8459,0.1170,0.0211,,
6/2/2025,1,78,dog,do4-2,1.8078,0.1079,0.029,,
6/2/2025,1,79,dog,do4-3,1.8828,0.1058,0.0268,,
6/2/2025,1,80,dog,do4-4,1.8229,0.1012,0.0237,,
6/2/2025,1,81,wide,w5-1,1.8787,0.1024,0.0253,,
6/2/2025,1,82,wide,w5-2,1.8463,0.1067,0.0235,,
6/2/2025,1,83,wide,w5-3,1.8306,0.1085,0.0296,,
6/2/2025,1,84,wide,w5-4,1.8853,0.1205,0.029,,
6/2/2025,1,85,cent,c5-1,1.8821,0.1127,0.0214,,
6/2/2025,1,86,cent,c5-2,1.9014,0.1328,0.0203,,
6/2/2025,1,87,cent,c5-3,1.8368,0.1292,0.022,,
6/2/2025,1,88,cent,c5-4,1.8503,0.1078,0.028,,
6/2/2025,1,89,dican,di5-1,1.8514,0.1066,0.021,,
6/2/2025,1,90,dican,di5-2,1.8471,0.1076,0.0252,,
6/2/2025,1,91,dican,di5-3,1.8528,0.1000,0.0236,,
6/2/2025,1,92,dican,di5-4,1.8202,0.1062,0.0244,,
6/2/2025,1,93,silky,s5-1,1.8893,0.1010,0.0228,,
6/2/2025,1,94,silky,s5-2,1.8491,0.1116,0.0267,,
6/2/2025,1,95,silky,s5-3,1.8424,0.0879,0.0226,,
6/2/2025,1,96,silky,s5-4,1.8866,0.0863,0.0229,,
6/2/2025,1,97,dog,do5-1,1.8130,0.1400,0.0282,,
6/2/2025,1,98,dog,do5-2,1.8490,0.1033,0.0203,,
6/2/2025,1,99,dog,do5-3,1.8000,0.1205,0.0262,,
6/2/2025,1,100,dog,do5-4,1.8267,0.1506,0.0206,,
6/2/2025,1,101,wide,w6-1,1.8779,0.1008,0.0233,,
6/2/2025,1,102,wide,w6-2,1.8810,0.1182,0.023,,
6/2/2025,1,103,wide,w6-3,1.8338,0.1329,0.0234,,
6/2/2025,1,104,wide,w6-4,1.8543,0.1072,0.0204,,
6/2/2025,1,105,cent,c6-1,1.8875,0.0875,0.0214,,
6/2/2025,1,106,cent,c6-2,1.8468,0.1129,0.0213,,
6/2/2025,1,107,cent,c6-3,1.8939,0.1059,0.0216,,
6/2/2025,1,108,cent,c6-4,1.8195,0.1097,0.0202,,
6/2/2025,1,109,dican,di6-1,1.8050,0.1003,0.023,,
6/2/2025,1,110,dican,di6-2,1.8403,0.1038,0.0229,,
6/2/2025,1,111,dican,di6-3,1.8830,0.1144,0.0233,,
6/2/2025,1,112,dican,di6-4,1.8567,0.1304,0.0212,,
6/2/2025,1,113,silky,s6-1,1.8414,0.1079,0.0227,,
6/2/2025,1,114,silky,s6-2,1.8793,0.1120,0.0215,,
6/2/2025,1,115,silky,s6-3,1.8388,0.1068,0.02,,
6/2/2025,1,116,silky,s6-4,1.8286,0.1331,0.0208,,
6/2/2025,1,117,dog,do6-1,1.8558,0.1157,0.0266,,
6/2/2025,1,118,dog,do6-2,1.8568,0.1057,0.0246,,
6/2/2025,1,119,dog,do6-3,1.8832,0.1037,0.0293,,
6/2/2025,1,120,dog,do6-4,1.8545,0.1198,0.0237,,
7/31/2025,2,1,wide,w1-1,,,,,
7/31/2025,2,2,wide,w1-2,,,,,
7/31/2025,2,3,wide,w1-3,,,,,
7/31/2025,2,4,wide,w1-4,,,,,
7/31/2025,2,5,cent,c1-1,,,,,
7/31/2025,2,6,cent,c1-2,,,,,
7/31/2025,2,7,cent,c1-3,,,,,
7/31/2025,2,8,cent,c1-4,,,,,
7/31/2025,2,9,dican,di1-1,,,,,
7/31/2025,2,10,dican,di1-2,,,,,
7/31/2025,2,11,dican,di1-3,,,,,
7/31/2025,2,12,dican,di1-4,,,,,
7/31/2025,2,13,silky,s1-1,,,,,
7/31/2025,2,14,silky,s1-2,,,,,
7/31/2025,2,15,silky,s1-3,,,,,
7/31/2025,2,16,silky,s1-4,,,,,
7/31/2025,2,17,dog,do1-1,,,,,
7/31/2025,2,18,dog,do1-2,,,,,
7/31/2025,2,19,dog,do1-3,,,,,
7/31/2025,2,20,dog,do1-4,,,,,
7/31/2025,2,21,wide,w2-1,,,,,
7/31/2025,2,22,wide,w2-2,,,,,
7/31/2025,2,23,wide,w2-3,,,,,
7/31/2025,2,24,wide,w2-4,,,,,
7/31/2025,2,25,cent,c2-1,,,,,
7/31/2025,2,26,cent,c2-2,,,,,
7/31/2025,2,27,cent,c2-3,,,,,
7/31/2025,2,28,cent,c2-4,,,,,
7/31/2025,2,29,dican,di2-1,,,,,
7/31/2025,2,30,dican,di2-2,,,,,
7/31/2025,2,31,dican,di2-3,,,,,
7/31/2025,2,32,dican,di2-4,,,,,
7/31/2025,2,33,silky,s2-1,,,,,
7/31/2025,2,34,silky,s2-2,,,,,
7/31/2025,2,35,silky,s2-3,,,,,
7/31/2025,2,36,silky,s2-4,,,,,
7/31/2025,2,37,dog,do2-1,,,,,
7/31/2025,2,38,dog,do2-2,,,,,
7/31/2025,2,39,dog,do2-3,,,,,
7/31/2025,2,40,dog,do2-4,,,,,
8/4/2025,2,41,wide,w3-1,,,,,
8/4/2025,2,42,wide,w3-2,,,,,
8/4/2025,2,43,wide,w3-3,,,,,
8/4/2025,2,44,wide,w3-4,,,,,
8/4/2025,2,45,cent,c3-1,,,,,
8/4/2025,2,46,cent,c3-2,,,,,
8/4/2025,2,47,cent,c3-3,,,,,
8/4/2025,2,48,cent,c3-4,,,,,
8/4/2025,2,49,dican,di3-1,,,,,
8/4/2025,2,50,dican,di3-2,,,,,
8/4/2025,2,51,dican,di3-3,,,,,
8/4/2025,2,52,dican,di3-4,,,,,
8/4/2025,2,53,silky,s3-1,,,,,
8/4/2025,2,54,silky,s3-2,,,,,
8/4/2025,2,55,silky,s3-3,,,,,
8/4/2025,2,56,silky,s3-4,,,,,
8/4/2025,2,57,dog,do3-1,,,,,
8/4/2025,2,58,dog,do3-2,,,,,
8/4/2025,2,59,dog,do3-3,,,,,
8/4/2025,2,60,dog,do3-4,,,,,
8/4/2025,2,61,wide,w4-1,,,,,
8/4/2025,2,62,wide,w4-2,,,,,
8/4/2025,2,63,wide,w4-3,,,,,
8/4/2025,2,64,wide,w4-4,,,,,
8/4/2025,2,65,cent,c4-1,,,,,
8/4/2025,2,66,cent,c4-2,,,,,
8/4/2025,2,67,cent,c4-3,,,,,
8/4/2025,2,68,cent,c4-4,,,,,
8/4/2025,2,69,dican,di4-1,,,,,
8/4/2025,2,70,dican,di4-2,,,,,
8/4/2025,2,71,dican,di4-3,,,,,
8/4/2025,2,72,dican,di4-4,,,,,
8/4/2025,2,73,silky,s4-1,,,,,
8/4/2025,2,74,silky,s4-2,,,,,
8/4/2025,2,75,silky,s4-3,,,,,
8/4/2025,2,76,silky,s4-4,,,,,
8/4/2025,2,77,dog,do4-1,,,,,
8/4/2025,2,78,dog,do4-2,,,,,
8/4/2025,2,79,dog,do4-3,,,,,
8/4/2025,2,80,dog,do4-4,,,,,
8/4/2025,2,81,wide,w5-1,,,,,
8/4/2025,2,82,wide,w5-2,,,,,
8/4/2025,2,83,wide,w5-3,,,,,
8/4/2025,2,84,wide,w5-4,,,,,
8/4/2025,2,85,cent,c5-1,,,,,
8/4/2025,2,86,cent,c5-2,,,,,
8/4/2025,2,87,cent,c5-3,,,,,
8/4/2025,2,88,cent,c5-4,,,,,
8/4/2025,2,89,dican,di5-1,,,,,
8/4/2025,2,90,dican,di5-2,,,,,
8/4/2025,2,91,dican,di5-3,,,,,
8/4/2025,2,92,dican,di5-4,,,,,
8/4/2025,2,93,silky,s5-1,,,,,
8/4/2025,2,94,silky,s5-2,,,,,
8/4/2025,2,95,silky,s5-3,,,,,
8/4/2025,2,96,silky,s5-4,,,,,
8/4/2025,2,97,dog,do5-1,,,,,
8/4/2025,2,98,dog,do5-2,,,,,
8/4/2025,2,99,dog,do5-3,,,,,
8/4/2025,2,100,dog,do5-4,,,,,
8/4/2025,2,101,wide,w6-1,,,,,
8/4/2025,2,102,wide,w6-2,,,,,
8/4/2025,2,103,wide,w6-3,,,,,
8/4/2025,2,104,wide,w6-4,,,,,
8/4/2025,2,105,cent,c6-1,,,,,
8/4/2025,2,106,cent,c6-2,,,,,
8/4/2025,2,107,cent,c6-3,,,,,
8/4/2025,2,108,cent,c6-4,,,,,
8/4/2025,2,109,dican,di6-1,,,,,
8/4/2025,2,110,dican,di6-2,,,,,
8/4/2025,2,111,dican,di6-3,,,,,
8/4/2025,2,112,dican,di6-4,,,,,
8/4/2025,2,113,silky,s6-1,,,,,
8/4/2025,2,114,silky,s6-2,,,,,
8/4/2025,2,115,silky,s6-3,,,,,
8/4/2025,2,116,silky,s6-4,,,,,
8/4/2025,2,117,dog,do6-1,,,,,
8/4/2025,2,118,dog,do6-2,,,,,
8/4/2025,2,119,dog,do6-3,,,,,
8/4/2025,2,120,dog,do6-4,,,,,
9/22/2025,3,1,wide,w1-1,,,,,
9/22/2025,3,2,wide,w1-2,,,,,
9/22/2025,3,3,wide,w1-3,,,,,
9/22/2025,3,4,wide,w1-4,,,,,
9/22/2025,3,5,cent,c1-1,,,,,
9/22/2025,3,6,cent,c1-2,,,,,
9/22/2025,3,7,cent,c1-3,,,,,
9/22/2025,3,8,cent,c1-4,,,,,
9/22/2025,3,9,dican,di1-1,,,,,
9/22/2025,3,10,dican,di1-2,,,,,
9/22/2025,3,11,dican,di1-3,,,,,
9/22/2025,3,12,dican,di1-4,,,,,
9/22/2025,3,13,silky,s1-1,,,,,
9/22/2025,3,14,silky,s1-2,,,,,
9/22/2025,3,15,silky,s1-3,,,,,
9/22/2025,3,16,silky,s1-4,,,,,
9/22/2025,3,17,dog,do1-1,,,,,
9/22/2025,3,18,dog,do1-2,,,,,
9/22/2025,3,19,dog,do1-3,,,,,
9/22/2025,3,20,dog,do1-4,,,,,
9/22/2025,3,21,wide,w2-1,,,,,
9/22/2025,3,22,wide,w2-2,,,,,
9/22/2025,3,23,wide,w2-3,,,,,
9/22/2025,3,24,wide,w2-4,,,,,
9/22/2025,3,25,cent,c2-1,,,,,
9/22/2025,3,26,cent,c2-2,,,,,
9/22/2025,3,27,cent,c2-3,,,,,
9/22/2025,3,28,cent,c2-4,,,,,
9/22/2025,3,29,dican,di2-1,,,,,
9/22/2025,3,30,dican,di2-2,,,,,
9/22/2025,3,31,dican,di2-3,,,,,
9/22/2025,3,32,dican,di2-4,,,,,
9/22/2025,3,33,silky,s2-1,,,,,
9/22/2025,3,34,silky,s2-2,,,,,
9/22/2025,3,35,silky,s2-3,,,,,
9/22/2025,3,36,silky,s2-4,,,,,
9/22/2025,3,37,dog,do2-1,,,,,
9/22/2025,3,38,dog,do2-2,,,,,
9/22/2025,3,39,dog,do2-3,,,,,
9/22/2025,3,40,dog,do2-4,,,,,
9/22/2025,3,41,wide,w3-1,,,,,
9/22/2025,3,42,wide,w3-2,,,,,
9/22/2025,3,43,wide,w3-3,,,,,
9/22/2025,3,44,wide,w3-4,,,,,
9/22/2025,3,45,cent,c3-1,,,,,
9/22/2025,3,46,cent,c3-2,,,,,
9/22/2025,3,47,cent,c3-3,,,,,
9/22/2025,3,48,cent,c3-4,,,,,
9/22/2025,3,49,dican,di3-1,,,,,
9/22/2025,3,50,dican,di3-2,,,,,
9/22/2025,3,51,dican,di3-3,,,,,
9/22/2025,3,52,dican,di3-4,,,,,
9/22/2025,3,53,silky,s3-1,,,,,
9/22/2025,3,54,silky,s3-2,,,,,
9/22/2025,3,55,silky,s3-3,,,,,
9/22/2025,3,56,silky,s3-4,,,,,
9/22/2025,3,57,dog,do3-1,,,,,
9/22/2025,3,58,dog,do3-2,,,,,
9/22/2025,3,59,dog,do3-3,,,,,
9/22/2025,3,60,dog,do3-4,,,,,
9/22/2025,3,61,wide,w4-1,,,,,
9/22/2025,3,62,wide,w4-2,,,,,
9/22/2025,3,63,wide,w4-3,,,,,
9/22/2025,3,64,wide,w4-4,,,,,
9/22/2025,3,65,cent,c4-1,,,,,
9/22/2025,3,66,cent,c4-2,,,,,
9/22/2025,3,67,cent,c4-3,,,,,
9/22/2025,3,68,cent,c4-4,,,,,
9/22/2025,3,69,dican,di4-1,,,,,
9/22/2025,3,70,dican,di4-2,,,,,
9/22/2025,3,71,dican,di4-3,,,,,
9/22/2025,3,72,dican,di4-4,,,,,
9/22/2025,3,73,silky,s4-1,,,,,
9/22/2025,3,74,silky,s4-2,,,,,
9/22/2025,3,75,silky,s4-3,,,,,
9/22/2025,3,76,silky,s4-4,,,,,
9/22/2025,3,77,dog,do4-1,,,,,
9/22/2025,3,78,dog,do4-2,,,,,
9/22/2025,3,79,dog,do4-3,,,,,
9/22/2025,3,80,dog,do4-4,,,,,
9/22/2025,3,81,wide,w5-1,,,,,
9/22/2025,3,82,wide,w5-2,,,,,
9/22/2025,3,83,wide,w5-3,,,,,
9/22/2025,3,84,wide,w5-4,,,,,
9/22/2025,3,85,cent,c5-1,,,,,
9/22/2025,3,86,cent,c5-2,,,,,
9/22/2025,3,87,cent,c5-3,,,,,
9/22/2025,3,88,cent,c5-4,,,,,
9/22/2025,3,89,dican,di5-1,,,,,
9/22/2025,3,90,dican,di5-2,,,,,
9/22/2025,3,91,dican,di5-3,,,,,
9/22/2025,3,92,dican,di5-4,,,,,
9/22/2025,3,93,silky,s5-1,,,,,
9/22/2025,3,94,silky,s5-2,,,,,
9/22/2025,3,95,silky,s5-3,,,,,
9/22/2025,3,96,silky,s5-4,,,,,
9/22/2025,3,97,dog,do5-1,,,,,
9/22/2025,3,98,dog,do5-2,,,,,
9/22/2025,3,99,dog,do5-3,,,,,
9/22/2025,3,100,dog,do5-4,,,,,
9/22/2025,3,101,wide,w6-1,,,,,
9/22/2025,3,102,wide,w6-2,,,,,
9/22/2025,3,103,wide,w6-3,,,,,
9/22/2025,3,104,wide,w6-4,,,,,
9/22/2025,3,105,cent,c6-1,,,,,
9/22/2025,3,106,cent,c6-2,,,,,
9/22/2025,3,107,cent,c6-3,,,,,
9/22/2025,3,108,cent,c6-4,,,,,
9/22/2025,3,109,dican,di6-1,,,,,
9/22/2025,3,110,dican,di6-2,,,,,
9/22/2025,3,111,dican,di6-3,,,,,
9/22/2025,3,112,dican,di6-4,,,,,
9/22/2025,3,113,silky,s6-1,,,,,
9/22/2025,3,114,silky,s6-2,,,,,
9/22/2025,3,115,silky,s6-3,,,,,
9/22/2025,3,116,silky,s6-4,,,,,
9/22/2025,3,117,dog,do6-1,,,,,
9/22/2025,3,118,dog,do6-2,,,,,
9/22/2025,3,119,dog,do6-3,,,,,
9/22/2025,3,120,dog,do6-4,,,,,
,,,,,,,,,
