round,mesocosm,plantsp,leaf,trt,den,height,stems,nm_leaves,1total_w,1total_h,nm_dmged,cons_area,sp,stage,body_lg,sex,vial_weight,poo_weight,Notes
1,1,grass,1,b,33,,,,1.1,15.5,0,0,ach,3,,u,1.1175,1.1175,died on day 2
1,1,forb ,1,b,33,,4,,2.5,2.5,0,,ach,,,,,,
1,1,forb ,2,b,33,,,,,,0,,ach,,,,,,
1,1,forb ,3,b,33,,,,,,0,,ach,,,,,,
1,2,grass,1,b,50,,,,1,10.5,1,1.471,ach,3.5,,m,1.1251,1.1315,
1,2,grass,2,b,50,,,,1,12.5,1,1.491,ach,,,,,,
1,2,forb ,1,b,50,,3,,2.3,2.2,0,,ach,,,,,,
1,2,forb ,2,b,50,,,,,,0,,ach,,,,,,
1,3,grass,1,b,66,,,,1,12,1,2.185,ach,4.5,,m,1.1169,1.1263,
1,3,grass,2,b,66,,,,,9.5,1,2.114,ach,,,,,,
1,3,grass,3,b,66,,,,,10.5,1,0.711,ach,,,,,,
1,3,forb ,1,b,66,,2,,1.5,2,0,,ach,,,,,,
1,4,grass,1,u,33,,,,1.1,19.3,1,2.039,ach,3.5,,f?,1.125,1.1304,
1,4,forb ,1,u,33,,2,,2.2,2.3,0,,ach,,,,,,
1,4,forb ,2,u,33,,,,,,0,,ach,,,,,,
1,4,forb ,3,u,33,,,,,,0,,ach,,,,,,
1,5,grass,1,u,50,,,,1.4,16,1,1.643,ach,3.5,,f?,1.1095,1.1141,
1,5,grass,2,u,50,,,,,9.8,1,0.803,ach,,,,,,
1,5,forb ,1,u,50,,3,,2.5,2,0,,ach,,,,,,
1,5,forb ,2,u,50,,,,,0,0,,ach,,,,,,
1,6,grass,1,u,66,,,,1,14.5,0,,ach,4,,f?,1.1249,1.1392,
1,6,grass,2,u,66,,,,,12.5,1,2.015,ach,,,,,,
1,6,grass,3,u,66,,,,,13,1,2.619,ach,,,,,,
1,6,forb ,1,u,66,,2,,2,2.2,0,,ach,,,,,,
1,7,grass,1,b,33,,,,1,8.5,1,0.141,apt,4.5,,f?,1.1251,1.1305,
1,7,forb ,1,b,33,,3,,1.6,1.6,0,,apt,,,,,,
1,7,forb ,2,b,33,,,,,,0,,apt,,,,,,
1,7,forb ,3,b,33,,,,,,0,,apt,,,,,,
1,8,grass,1,b,50,,,,1.1,15,1,1.077,apt,3,,u,1.1048,1.1074,
1,8,grass,2,b,50,,,,,,1,0.028,apt,,,,,,
1,8,forb ,1,b,50,,2,,2.1,2.5,0,,apt,,,,,,
1,8,forb ,2,b,50,,,,,,0,,apt,,,,,,
1,9,grass,1,b,66,,,,1,13,1,0.418,apt,4,,u,1.044,1.1061,
1,9,grass,2,b,66,,1,,1.4,1.8,0,,apt,,,,,,
1,9,grass,3,b,66,,,,,,0,,apt,,,,,,
1,9,forb ,1,b,66,,,,,,0,,apt,,,,,,
1,10,grass,1,u,33,,,,1.2,13.5,1,0.936,apt,3.5,,u,1.1171,1.1202,
1,10,forb ,1,u,33,,1,,2,2,0,,apt,,,,,,
1,10,forb ,2,u,33,,,,,,0,,apt,,,,,,
1,10,forb ,3,u,33,,,,,,0,,apt,,,,,,
1,11,grass,1,u,50,,,,1,13,0,,apt,3.5,,u,1.1173,1.1176,dead
1,11,grass,2,u,50,,,,,,0,,apt,,,,,,
1,11,forb ,1,u,50,,2,,2.5,2.5,0,,apt,,,,,,
1,11,forb ,2,u,50,,,,,,0,,apt,,,,,,
1,12,grass,1,u,66,,,,1.3,14.3,1,3.238,apt,4,,f?,1.1251,1.13,
1,12,grass,2,u,66,,1,,2.5,2.5,0,,apt,,,,,,
1,12,grass,3,u,66,,,,,,0,,apt,,,,,,
1,12,forb ,1,u,66,,,,,,0,,apt,,,,,,
2,1,grass,1,b,33,,,1,1.1,14.5,0,,ach,4,,m,,,
2,1,forb ,1,b,33,13.5,,9,0.2,2.7,0,,ach,,,,,,
2,1,forb ,2,b,33,16.4,,9,,,0,,ach,,,,,,
2,1,forb ,3,b,33,20.1,,8,,,0,,ach,,,,,,
2,2,grass,1,b,50,,,1,1.5,19.2,0,,ach,4.5,,m,,,
2,2,grass,2,b,50,,,1,,18.2,0,,ach,,,,,,
2,2,forb ,1,b,50,15.3,,10,0.2,2.7,0,,ach,,,,,,
2,2,forb ,2,b,50,18,,10,,,0,,ach,,,,,,
2,3,grass,1,b,66,,,1,1,14,0,,ach,4.5,,m,,,
2,3,grass,2,b,66,,,1,,12.7,0,,ach,,,,,,
2,3,grass,3,b,66,,,1,,10.2,0,,ach,,,,,,
2,3,forb ,1,b,66,18.9,,12,0.2,3,0,,ach,,,,,,
2,4,grass,1,u,33,,,1,1.4,16,0,,ach,4,,f,,,
2,4,forb ,1,u,33,17,,12,0.1,2.6,0,,ach,,,,,,
2,4,forb ,2,u,33,15.1,,10,,,0,,ach,,,,,,
2,4,forb ,3,u,33,15.5,,14,,,0,,ach,,,,,,
2,5,grass,1,u,50,,,1,1.2,15,1,0.111,ach,4,,m,1.1247,1.1285,0.81%
2,5,grass,2,u,50,,,1,,12.6,2,0.702,ach,,,,,,7.29%
2,5,forb ,1,u,50,16.8,,13,0.2,2.1,0,,ach,,,,,,
2,5,forb ,2,u,50,17.3,,13,0.2,3.6,0,,ach,,,,,,
2,6,grass,1,u,66,,,1,1.1,11.3,0,,ach,4,,f,,,
2,6,grass,2,u,66,,,1,,7.4,0,,ach,,,,,,
2,6,grass,3,u,66,,,1,,11.7,0,,ach,,,,,,
2,6,forb ,1,u,66,19.1,,15,,,0,,apt,,,,,,
2,7,grass,1,b,33,,,1,1.2,15,0,,apt,3.5,,m?,1.1162,1.1186,
2,7,forb ,1,b,33,18,,14,0.1,2.3,2,0.034,apt,,,,,,7.17%
2,7,forb ,2,b,33,19.1,,12,,,1,0.026,apt,,,,,,2.74%
2,7,forb ,3,b,33,18.5,,14,,,4,0.241,apt,,,,,,41.64%
2,8,grass,1,b,50,,,1,0.9,16.9,1,0.057,apt,3,,u,1.1036,1.1054,0.412% died
2,8,grass,2,b,50,,,1,,17.8,0,,apt,,,,,,
2,8,forb ,1,b,50,13.8,,14,0.2,2.4,0,,apt,,,,,,
2,8,forb ,2,b,50,20.8,,11,,,0,,apt,,,,,,
2,9,grass,1,b,66,,,1,1.2,18.5,0,,apt,3,,u,,,died
2,9,grass,2,b,66,,,1,,14.6,0,,apt,,,,,,
2,9,grass,3,b,66,,,1,,19,0,,apt,,,,,,
2,9,forb ,1,b,66,17.3,,13,0.2,2.3,0,,apt,,,,,,
2,10,grass,1,u,33,,,1,1,14,0,,apt,4,,u,1.1169,1.1199,
2,10,forb ,1,u,33,16.1,,14,,,0,,apt,,,,,,
2,10,forb ,2,u,33,20.3,,14,0.2,3.3,3,0.524,apt,,,,,,53.27%
2,10,forb ,3,u,33,16.6,,14,,,0,,apt,,,,,,
2,11,grass,1,u,50,,,1,1.2,21,0,,apt,3.5,,m?,1.1237,1.1332,
2,11,grass,2,u,50,,,1,,12,0,,apt,,,,,,
2,11,forb ,1,u,50,19,,12,0.2,3.5,5,0.613,apt,,,,,,47.60%
2,11,forb ,2,u,50,17.8,,14,,,4,0.629,apt,,,,,,58.93%
2,12,grass,1,u,66,,,1,1.4,13,1,0.266,apt,4,,f?,1.1246,1.1306,1.84%
2,12,grass,2,u,66,,,1,,10,0,,apt,,,,,,
2,12,grass,3,u,66,,,1,,14.5,0,,apt,,,,,,
2,12,forb ,1,u,66,15.3,,15,0.2,3.2,4,0.894,apt,,,,,,74.30%
3,1,grass,1,b,1,,,,0.9,14.7,,,ach,,25.53,m,,,
3,2,grass,1,b,2,,,,0.9,11.2,,,ach,,23.93,m,,,
3,2,grass,2,b,2,,,,0.8,9.6,,,ach,,,,,,
3,3,grass,1,b,3,,,,0.9,11.8,,,ach,,24.18,m,,,
3,3,grass,2,b,3,,,,0.6,8.9,,,ach,,,,,,
3,3,grass,3,b,3,,,,1,12.6,,,ach,,,,,,
3,4,grass,1,u,1,,,,1.1,16.1,,,ach,,24.42,m,,,
3,5,grass,1,u,2,,,,1.1,11.5,,,ach,,25.86,m,,,
3,5,grass,2,u,2,,,,1.1,10.8,,,ach,,,,,,
3,6,grass,1,u,3,,,,1.4,17.1,,,ach,,25.5,m,,,
3,6,grass,2,u,3,,,,1.2,10,,,ach,,,,,,
3,6,grass,3,u,3,,,,1.2,14.5,,,ach,,,,,,
3,7,grass,1,b,1,,,,1.1,10.1,,,apt,,19.9,m,,,
3,8,grass,1,b,2,,,,1.1,11.2,,,apt,,19.52,m,,,
3,8,grass,2,b,2,,,,1.1,11.5,,,apt,,,,,,
3,9,grass,1,b,3,,,,1.3,19.4,,,apt,,20.71,m,,,
3,9,grass,2,b,3,,,,1.1,16.3,,,apt,,,,,,
3,9,grass,3,b,3,,,,1.1,20,,,apt,,,,,,
3,10,grass,1,u,1,,,,1,14,,,apt,,18.86,m,,,
3,11,grass,1,u,2,,,,1,15.1,,,apt,,19.34,m,,,
3,11,grass,2,u,2,,,,1,13.5,,,apt,,,,,,
3,12,grass,1,u,3,,,,1,9.8,,,apt,,16.52,m,,,
3,12,grass,2,u,3,,,,1,11.5,,,apt,,,,,,
3,12,grass,3,u,3,,,,1,10,,,apt,,,,,,
3,13,grass,1,b,4,,,,1.5,21,,,apt,,17.71,m,,,
3,13,grass,2,b,4,,,,1.6,20,,,apt,,,,,,
3,13,grass,3,b,4,,,,1.3,20.1,,,apt,,,,,,
3,13,grass,4,b,4,,,,1.1,11,,,apt,,,,,,
4,1,grass,,b,,,,,,,1,0.221,ach,,27.24,m,1.1249,1.1306,
4,1,grass,,b,,,,,,,0,0,ach,,27.24,,,,
4,1,grass,,u,,,,,,,1,0.534,ach,,27.24,,,,
4,1,grass,,u,,,,,,,1,0.749,ach,,27.24,,,,
4,2,grass,,b,,,,,,,0,0,ach,,24.4,m,1.1163,1.118,
4,2,grass,,b,,,,,,,0,0,ach,,24.4,,,,
4,2,grass,,u,,,,,,,0,0,ach,,24.4,,,,
4,2,grass,,u,,,,,,,1,0.283,ach,,24.4,,,,
4,3,grass,,b,,,,,,,1,0.571,ach,,28.33,m,1.1037,1.1103,
4,3,grass,,b,,,,,,,1,0.578,ach,,28.33,,,,
4,3,grass,,u,,,,,,,1,0.154,ach,,28.33,,,,
4,3,grass,,u,,,,,,,1,1.401,ach,,28.33,,,,
4,4,grass,,b,,,,,,,0,0,ach,,27.56,m,1.1246,1.1246,
4,4,grass,,b,,,,,,,0,0,ach,,27.56,,,,
4,4,grass,,u,,,,,,,0,0,ach,,27.56,,,,
4,4,grass,,u,,,,,,,0,0,ach,,27.56,,,,
4,5,grass,,b,,,,,,,0,0,ach,,25.5,m,1.1174,1.1174,
4,5,grass,,b,,,,,,,0,0,ach,,25.5,,,,
4,5,grass,,u,,,,,,,0,0,ach,,25.5,,,,
4,5,grass,,u,,,,,,,0,0,ach,,25.5,,,,
4,6,grass,,b,,,,,,,1,0.447,ach,,28.26,m,1.1092,1.1263,
4,6,grass,,b,,,,,,,1,2.524,ach,,28.26,,,,
4,6,grass,,u,,,,,,,0,0,ach,,28.26,,,,
4,6,grass,,u,,,,,,,1,2.309,ach,,28.26,,,,
4,7,grass,,b,,,,,,,1,0.667,ach,,23.22,m,1.1091,1.1191,
4,7,grass,,b,,,,,,,1,1.017,ach,,23.22,,,,
4,7,grass,,u,,,,,,,1,1.088,ach,,23.22,,,,
4,7,grass,,u,,,,,,,0,0,ach,,23.22,,,,
4,8,grass,,b,,,,,,,1,0.939,ach,,23.62,m,1.1247,1.1341,
4,8,grass,,b,,,,,,,1,0.812,ach,,23.62,,,,
4,8,grass,,u,,,,,,,0,0,ach,,23.62,,,,
4,8,grass,,u,,,,,,,0,0,ach,,23.62,,,,
4,9,grass,,b,,,,,,,1,3.652,ach,,29.26,m,1.1247,1.1435,
4,9,grass,,b,,,,,,,1,1.46,ach,,29.26,,,,
4,9,grass,,u,,,,,,,1,0.874,ach,,29.26,,,,
4,9,grass,,u,,,,,,,1,0.716,ach,,29.26,,,,
4,10,grass,,b,,,,,,,0,0,ach,,24.58,m,1.1248,1.1248,
4,10,grass,,b,,,,,,,0,0,ach,,24.58,,,,
4,10,grass,,u,,,,,,,0,0,ach,,24.58,,,,
4,10,grass,,u,,,,,,,0,0,ach,,24.58,,,,
4,11,grass,,b,,,,,,,1,3.027,ach,,26.39,m,1.1041,1.1218,
4,11,grass,,b,,,,,,,1,1.539,ach,,26.39,,,,
4,11,grass,,u,,,,,,,1,0.3,ach,,26.39,,,,
4,11,grass,,u,,,,,,,0,0,ach,,26.39,,,,
4,12,grass,,b,,,,,,,1,1.438,ach,,28.24,m,1.1038,1.1153,
4,12,grass,,b,,,,,,,0,0,ach,,28.24,,,,
4,12,grass,,u,,,,,,,0,0,ach,,28.24,,,,
4,12,grass,,u,,,,,,,1,1.496,ach,,28.24,,,,
4,13,grass,,b,,,,,,,1,0.909,ach,,27.6,m,1.1175,1.1274,
4,13,grass,,b,,,,,,,1,0.462,ach,,27.6,,,,
4,13,grass,,u,,,,,,,1,1.973,ach,,27.6,,,,
4,13,grass,,u,,,,,,,1,0.054,ach,,27.6,,,,
4,14,grass,,b,,,,,,,1,0.62,ach,,26.51,m,1.1167,1.1432,
4,14,grass,,b,,,,,,,1,1.055,ach,,26.51,,,,
4,14,grass,,u,,,,,,,1,0.456,ach,,26.51,,,,
4,14,grass,,u,,,,,,,1,4.619,ach,,26.51,,,,
4,15,grass,,b,,,,,,,1,3.477,ach,,27.1,m,1.125,1.139,
4,15,grass,,b,,,,,,,1,2.577,ach,,27.1,,,,
4,15,grass,,u,,,,,,,0,0,ach,,27.1,,,,
4,15,grass,,u,,,,,,,0,0,ach,,27.1,,,,
4,16,grass,,b,,,,,,,1,1.86,ach,,26.55,m,1.1247,1.1445,
4,16,grass,,b,,,,,,,1,0.991,ach,,26.55,,,,
4,16,grass,,u,,,,,,,1,1.411,ach,,26.55,,,,
4,16,grass,,u,,,,,,,0,0,ach,,26.55,,,,
4,17,grass,,b,,,,,,,1,1.411,ach,,28.05,m,1.1086,1.1171,
4,17,grass,,b,,,,,,,0,0,ach,,28.05,,,,
4,17,grass,,u,,,,,,,1,0,ach,,28.05,,,,
4,17,grass,,u,,,,,,,0,1.055,ach,,28.05,,,,
4,18,grass,,b,,,,,,,0,0,ach,,28.52,m,1.1086,1.1098,
4,18,grass,,b,,,,,,,0,0,ach,,28.52,,,,
4,18,grass,,u,,,,,,,0,0,ach,,28.52,,,,
4,18,grass,,u,,,,,,,0,0,ach,,28.52,,,,
4,19,grass,,b,,,,,,,0,0,ach,,28.19,m,1.1268,1.1268,
4,19,grass,,b,,,,,,,0,0,ach,,28.19,,,,
4,19,grass,,u,,,,,,,0,0,ach,,28.19,,,,
4,19,grass,,u,,,,,,,0,0,ach,,28.19,,,,
4,20,grass,,b,,,,,,,0,0,ach,,26.22,m,1.1168,1.1168,
4,20,grass,,b,,,,,,,0,0,ach,,26.22,,,,
4,20,grass,,u,,,,,,,0,0,ach,,26.22,,,,
4,20,grass,,u,,,,,,,0,0,ach,,26.22,,,,